Go on;Go on
Go on;goes on
Go on;going on
Go on;went on
Go on;has gone on
Go on;have gone on
Carry out;Carry out
Carry out;carries out
Carry out;carrying out
Carry out;carried out
Carry out;had carried out
Carry out;has carried out
Carry out;have carried out
Set up;Set up
Set up;sets up
Set up;setting up
Set up;had set up
Set up;has set up
Set up;have set up
Pick up;Pick up
Pick up;picks up
Pick up;picking up
Pick up;had picked up
Pick up;has picked up
Pick up;have picked up
Go back;Go back
Go back;goes back
Go back;going back
Go back;had gone back
Go back;has gone back
Go back;have gone back
Come back;Come back
Come back;comes back
Come back;coming back
Come back;has come back
Come back;have come back
Go out;Go out
Go out;goes out
Go out;going out
Go out;went out
Go out;has gone out
Go out;have gone out
Point out;Point out
Point out;points out
Point out;pointing out
Point out;has pointed out
Point out;have pointed out
Point out;pointed out
Point out;had pointed out
Find out;Find out
Find out;finds out
Find out;finding out
Find out;has found out
Find out;have found out
Find out;had found out
Come up;Come up
Come up;comes up
Come up;coming up
Come up;has come up
Come up;have come up
Come up;came up
Come up;had come up
Make up;Make up
Make up;makes up
Make up;making up
Make up;has made up
Make up;have made up
Make up;had made up
Take over;Take over
Take over;takes over
Take over;taking over
Take over;has taken over
Take over;have taken over
Take over;took over
Take over;had taken over
Come out;Come out
Come out;comes out
Come out;coming out
Come out;has come out
Come out;have come out
Come out;came out
Come out;had come out
Come on;Come on
Come on;comes on
Come on;coming on
Come on;came on
Come on;has come on
Come on;have come on
Come on;had come on
Come in;Come in
Come in;comes in
Come in;coming out
Come in;has come out
Come in;have come out
Come in;came out
Come in;had come out
Go down;Go down
Go down;will go down
Go down;goes down
Go down;going down
Go down;has gone down
Go down;have gone down
Go down;went down
Go down;had gone down
Work out;Work out
Work out;works out
Work out;working out
Work out;has worked out
Work out;have worked out
Work out;worked out
Work out;had worked out
Set out;Set out
Set out;sets out
Set out;setting out
Set out;has set out
Set out;have set out
Set out;had set out
Take up;Take up
Take up;taking up
Take up;takes up
Take up;has taken up
Take up;have taken up
Take up;took up
Take up;had taken up
Get back;Get back
Get back;getting back
Get back;got back
Sit down;Sit down
Sit down;will sit down
Sit down;sitting down
Sit down;sits down
Sit down;sat down
Turn out;Turn out
Turn out;turns out
Turn out;turning out
Turn out;has turned out
Turn out;have turned out
Turn out;had turned out
Take on;Take on
Take on;takes on
Take on;taking on
Take on;has taken on
Take on;have taken on
Take on;took on
Take on;had taken on
Give up;Give up
Give up;gives up
Give up;giving up
Give up;has given up
Give up;have given up
Give up;gave up
Give up;had given up
Get up;Get up
Get up;gets up
Get up;getting up
Get up;got up
Look up;Look up
Look up;looks up
Look up;looking up
Look up;looked up
Look up;have looked up
Look up;has looked up
Look up;had looked up
Carry on;Carry on
Carry on;carries on
Carry on;carrying on
Carry on;carried on
Carry on;has carried on
Carry on;have carried on
Carry on;had carried on
Go up;Go up
Go up;goes up
Go up;going up
Go up;went up
Go up;has gone up
Go up;have gone up
Go up;had gone up
Get out;Get out
Get out;getting out
Get out;gets out
Get out;got out
Get out;has gotten out
Get out;have gotten out
Get out;had gotten out
Take out;Take out
Take out;takes out
Take out;taking out
Take out;took out
Take out;has take out
Take out;have taken out
Take out;had taken out
Come down;Come down
Come down;comes down
Come down;coming down
Come down;came down
Come down;has come down
Come down;have come down
Come down;had come down
Put down;Put down
Put down;puts down
Put down;putting down
Put down;has put down
Put down;have put down
Put down;had put down
Put up;Put up
Put up;will put up
Put up;putting up
Put up;has put up
Put up;have put up
Put up;had put up
Turn up;Turn up
Turn up;turns up
Turn up;turning up
Turn up;turned up
Turn up;has turned up
Turn up;have turned up
Turn up;had turned up
Get on;Get on
Get on;gets on
Get on;getting on
Get on;got on
Bring up;Bring up
Bring up;brings up
Bring up;bringing up
Bring up;brought up
Bring up;has brought up
Bring up;have brought up
Bring up;had brought up
Bring in;Bring in
Bring in;brings in
Bring in;bringing in
Bring in;brought in
Bring in;has brought in
Bring in;have brought in
Bring in;had brought in
Look back;Look back
Look back;looks back
Look back;looking back
Look back;has looked back
Look back;have looked back
Look back;had looked back
Look down;Look down
Look down;looks down
Look down;looking down
Look down;has looked down
Look down;have looked down
Look down;had looked down
Bring back;Bring back
Bring back;brings back
Bring back;bringing back
Bring back;brought back
Bring back;has brought back
Bring back;have brought back
Bring back;had brought back
Break down;Break down
Break down;breaks down
Break down;breaking down
Break down;broke down
Break down;has broken down
Break down;have broken down
Break down;had broken down
Take off;Take off
Take off;takes off
Take off;taking off
Take off;has taken off
Take off;have taken off
Take off;had taken off
Go off;Go off
Go off;goes off
Go off;going off
Go off;has gone off
Go off;have gone off
Go off;had gone off
Bring about;Bring about
Bring about;brings about
Bring about;bringing about
Bring about;has brought about
Bring about;have brought about
Bring about;had brought about
Go in;Go in
Go in;goes in
Go in;going in
Go in;went in
Go in;has gone in
Go in;have gone in
Go in;had gone in
Set off;Set off
Set off;sets off
Set off;setting off
Set off;has set off
Set off;have set off
Set off;had set off
Put out;Put out
Put out;puts out
Put out;putting out
Put out;has put out
Put out;have put out
Put out;had put out
Look out;Look out
Look out;looks out
Look out;looking out
Look out;looked out
Look out;has looked out
Look out;have looked out
Look out;had looked out
Take back;Take back
Take back;takes back
Take back;taking back
Take back;took back
Take back;has taken back
Take back;have taken back
Take back;had taken back
Hold up;Hold up
Hold up;holds up
Hold up;holding up
Hold up;held up
Hold up;has hold up
Hold up;have hold up
Hold up;had hold up
Get down;Get down
Get down;gets down
Get down;getting down
Get down;got down
Hold out;Hold out
Hold out;holds out
Hold out;holding out
Hold out;held out
Hold out;have hold out
Hold out;has hold out
Hold out;had hold out
Put on;Put on
Put on;puts on
Put on;putting on
Put on;have put on
Put on;has put on
Put on;had put on
Bring out;Bring out
Bring out;brings out
Bring out;bringing out
Bring out;have brought out
Bring out;has brought out
Bring out;had brought out
Move on;Move on
Move on;moves on
Move on;moving on
Move on;has moved on
Move on;have moved on
Move on;had moved on
Turn back;Turn back
Turn back;turns back
Turn back;turning back
Turn back;has turned back
Turn back;have turned back
Turn back;had turned back
Put back;Put back
Put back;puts back
Put back;putting back
Put back;has put back
Put back;have put back
Put back;had put back
Go round;Go round
Go round;goes round
Go round;going round
Go round;has gone round
Go round;have gone round
Go round;had gone round
Break up;Break up
Break up;breaks up
Break up;breaking up
Break up;broke up
Break up;has broken up
Break up;have broken up
Break up;had broken up
Come along;Come along
Come along;comes along
Come along;coming along
Come along;came along
Come along;has come along
Come along;have come along
Come along;had come along
Sit up;Sit up
Sit up;sits up
Sit up;sitting up
Sit up;sat up
Sit up;has set up
Sit up;have set up
Sit up;had set up
Turn round;Turn round
Turn round;turns round
Turn round;turning round
Turn round;has turned round
Turn round;have turned round
Turn round;had turned round
Get in;Get in
Get in;gets in
Get in;getting in
Get in;got in
Come round;Come round
Come round;comes round
Come round;coming round
Come round;came round
Come round;has come round
Come round;have come round
Come round;had come round
Make out;Make out
Make out;makes out
Make out;making out
Make out;has made out
Make out;have made out
Make out;had made out
Get off;Get off
Get off;gets off
Get off;getting off
Get off;got off
Get off;has gotten off
Get off;have gotten off
Get off;had gotten off
Turn down;Turn down
Turn down;turns down
Turn down;turning down
Turn down;has turned down
Turn down;have turned down
Turn down;had turned down
Bring down;Bring down
Bring down;brings down
Bring down;bringing down
Bring down;brought down
Bring down;has brought down
Bring down;have brought down
Bring down;had brought down
Come over;Come over
Come over;comes over
Come over;coming over
Come over;came over
Come over;have come over
Come over;has come over
Come over;had come over
Break out;Break out
Break out;breaks out
Break out;breaking out
Break out;has broken out
Break out;have broken out
Break out;had broken out
Go over;Go over
Go over;goes over
Go over;going over
Go over;has gone over
Go over;have gone over
Go over;had gone over
Turn over;Turn over
Turn over;turns over
Turn over;turning over
Turn over;has turned over
Turn over;have turned over
Turn over;had turned over
Go through;Go through
Go through;goes through
Go through;going through
Go through;have gone through
Go through;has gone through
Go through;had gone through
Hold on;Hold on
Hold on;holds on
Hold on;holding on
Hold on;held on
Hold on;has hold on
Hold on;have hold on
Hold on;had hold on
Pick out;Pick out
Pick out;picks out
Pick out;picking out
Pick out;picked out
Pick out;has picked out
Pick out;have picked out
Pick out;had picked out
Sit back;Sit back
Sit back;sits back
Sit back;sitting back
Sit back;sat back
Sit back;has sat back
Sit back;have sat back
Sit back;had sat back
Hold back;Hold back
Hold back;holds back
Hold back;holding back
Hold back;has held back
Hold back;have held back
Hold back;had held back
Put in;Put in
Put in;puts in
Put in;putting in
Put in;has put in
Put in;have put in
Put in;had put in
Move in;Move in
Move in;moves in
Move in;moving in
Move in;has moved in
Move in;have moved in
Move in;had moved in
Look around;Look around
Look around;looks around
Look around;looking around
Look around;has looked around
Look around;have looked around
Look around;had looked around
Take down;Take down
Take down;takes down
Take down;taking down
Take down;has taken down
Take down;have taken down
Take down;took down
Take down;had taken down
Put off;Put off
Put off;puts off
Put off;putting off
Put off;has put off
Put off;have put off
Put off;had put off
Come about;Come about
Come about;comes about
Come about;coming about
Come about;has come about
Come about;have come about
Come about;had come about
Go along;Go along
Go along;goes along
Go along;going along
Go along;went along
Go along;has gone along
Go along;have gone along
Go along;had gone along
Look round;Look round
Look round;looks round
Look round;looking round
Look round;looked around
Look round;has look round
Look round;have looked round
Look round;had looked round
Set about;Set about
Set about;sets about
Set about;setting about
Set about;has set about
Set about;have set about
Set about;had set about
Turn off;Turn off
Turn off;turns off
Turn off;turning off
Turn off;turned off
Turn off;has turned off
Turn off;have turned off
Turn off;had turned off
Give in;Give in
Give in;gives in
Give in;giving in
Give in;gave in
Give in;has given in
Give in;have given in
Give in;had given in
Move out;Move out
Move out;moves out
Move out;moving out
Move out;moved out
Move out;has moved out
Move out;have moved out
Move out;had moved out
Come through;Come through
Come through;comes through
Come through;coming through
Come through;came through
Come through;has come through
Come through;have come through
Come through;had come through
Move back;Move back
Move back;moves back
Move back;moving back
Move back;has moved back
Move back;have moved back
Move back;had moved back
Break off;Break off
Break off;breaks off
Break off;breaking off
Break off;has broken off
Break off;have broken off
Break off;had broken off
Get through;Get through
Get through;gets through
Get through;getting through
Get through;got through
Give out;Give out
Give out;gives out
Give out;giving out
Give out;gave out
Give out;has given out
Give out;have given out
Give out;had given out
Come off;Come off
Come off;comes off
Come off;coming off
Come off;came off
Come off;has come off
Come off;have come off
Come off;had come off
Take in;Take in
Take in;takes in
Take in;taking in
Take in;took in
Take in;has taken in
Take in;have taken in
Take in;had taken in
Give back;Give back
Give back;gives back
Give back;giving back
Give back;has given back
Give back;have given back
Give back;had given back
Set down;Set down
Set down;sets down
Set down;setting down
Set down;has set down
Set down;have set down
Set down;had set down
Move up;Move up
Move up;moves up
Move up;moving up
Move up;has moved up
Move up;have moved up
Move up;had moved up
Turn around;Turn around
Turn around;turns around
Turn around;turning around
Turn around;has turned around
Turn around;have turned around
Turn around;had turned around
